Feature,Estimate,Std Error,t-stat,P-Value
Intercept,81557.09053491428,27.82825524390048,0.18856355648140694,0.8504388500837061
MODELED_DURATION,5.247394779462237,111.94747384912434,59.20645215080544,0.0
MIN_YEARS_EXPERIENCE,6628.012753851724,3023.391018286486,0.518871934594955,0.6038619092050608
EMPLOYMENT_TYPE_NAME=Full-time (> 32 hours),1568.7527466953197,3796.141341594617,-0.3879195510556373,0.6980840973560669
EMPLOYMENT_TYPE_NAME=Part-time (≤ 32 hours),-1472.5974449751286,3053.393455814185,26.7103115648642,0.0
